"ID","零件","采购规格","材料等级","需求件数","在手件数","备件件数","需购买件数","模块","注意事项"
"LH01","内六角圆柱头螺钉","ISO4762 M3×8","钢8.8；发黑","46","0","0","46","M01、M02、M04、M05、M07","同规格合并，含轮辋 12 枚；按实际安装位置分装。"
"LH02","内六角圆柱头螺钉","ISO4762 M3×16","钢8.8；发黑","14","0","0","14","M01、M02、M06","OA 到转子需此长度；不可换 M3×8。"
"LH03","低头小头螺钉","NBK SLH-M3-6-SD；头Ø4.5×2，内六角2","SWCH45K；8.8；发黑","20","0","0","20","M01、M02","必须小头 Ø4.5×2；普通 M3 圆柱头不适配。"
"LH04","低头小头螺钉","NBK SLH-M3-8-SD；头Ø4.5×2，内六角2","SWCH45K；8.8；发黑","8","0","0","8","M01、M02","法兰侧锁紧；必须小头 Ø4.5×2。"
"LH05","超薄头内六角花形螺钉","NBK SETS-M2-4；头Ø4×0.5，TX4","SUSXM7；A2；原厂本色","30","0","0","30","M01、M02","轴承压盖 18 枚、轴销防脱 12 枚；TX4 工具。"
"LH06","沉头内六角螺钉","DIN7991 M3×10；头≤Ø6×1.7，90°，内六角2","钢010.9；发黑","8","0","0","8","M01、M02","头 Ø6×1.7；不能直接换大头 ISO10642。"
"LH07","沉头内六角螺钉","DIN7991 M3×6；头≤Ø6×1.7，90°，内六角2","钢010.9；发黑","12","0","0","12","M01、M02","头 Ø6×1.7；用于髋电机定子。"
"LH08","沉头内六角螺钉","DIN7991 M4×12；头≤Ø8×2.3，90°，内六角2.5","钢010.9；发黑","8","0","0","8","M01、M02","头 Ø8×2.3；每腿 4 枚，勿重复计机身。"
"LH09","普通平垫圈","ISO7089 M4；Ø4.3/Ø9×0.8","钢200HV；镀锌","8","0","0","8","M03","每个 M4 接口一片，维持原厚度。"
"LH10","六角螺母","ISO4032 M4；AF7×3.2","钢8级；镀锌","8","0","0","8","M03","配 M4 沉头螺钉，不换高型防松螺母。"
"LH11","定位圆柱销","DIN6325 Ø4m6×10（Norelem03320-04X10）","工具钢；淬硬磨削60±2HRC；本色","6","0","0","6","M01、M02","每髋 3 枚；打印孔清孔后轻装，禁止强压。"
"LH12","深沟球轴承","NSK626ZZ1；6×19×6；金属防尘盖","原厂轴承钢","6","0","0","6","M01、M02","A/B/C 各 1 个/腿；不要换 C3/MC3 游隙。"
"BH01","沉头内六角螺钉","DIN7991 M3x0.5 x 8","钢010.9；发黑","16","0","0","16","M03","头 Ø6×1.7，90°；不要直接换大头 ISO10642。"
"BH03","内六角圆柱头螺钉","ISO4762 M3x0.5 x 10","钢8.8；发黑","10","0","0","10","M04、M05、M06","含后充电安装板紧固件。"
"BH04","内六角圆柱头螺钉","ISO4762 M3x0.5 x 12","钢8.8；发黑","16","0","0","16","M05、M06、M07","含电气安装架到托盘的紧固件。"
"BH05","内六角圆柱头螺钉","ISO4762 M3x0.5 x 20","钢8.8；发黑","8","0","0","8","M05、M06","显示器托夹及机壳连接。"
"BH06","内六角圆柱头螺钉","ISO4762 M2.5x0.45 x 16","钢8.8；发黑","2","0","0","2","M04","光头外径 ≤4.5、高 ≤2.5，内六角 2。"
"BH07","六角螺母","ISO4032 M3x0.5; AF5.5 x t2.4","钢8；镀锌","26","0","0","26","M04、M05、M06、M07","AF5.5、厚 ≤2.4；不换高型尼龙防松螺母。"
"BH08","六角螺母","ISO4032 M2.5x0.45; AF5 x t2","钢8；镀锌","6","0","0","6","M04、M07","AF5、厚 ≤2；不换高型尼龙防松螺母。"
"BH09","普通平垫圈","ISO7089 M3; ID3.2 x OD7 x t0.5","钢200 HV；镀锌","4","0","0","4","M04","4 片为规定分压垫圈，不用于补长度。"
"EH01","内六角圆柱头螺钉","ISO4762 M1.6×10","钢8.8；发黑","4","0","0","4","M07","裸板 USB2CAN 用 4 枚，先核对工具空间。"
"EH02","六角螺母","ISO4032 M1.6；AF3.2×1.3","钢8；镀锌","4","0","0","4","M07","裸板 USB2CAN 用；AF3.2、厚1.3。"
"EH03","内六角圆柱头螺钉","ISO4762 M2.5×12","钢8.8；发黑","4","0","0","4","M07","配电板用；光头外径 ≤4.5。"
