"标准采购键","名称","完整采购规格","材料/等级","单机用量","单位","备件比例","备件数量","建议购买量","使用模块","状态"
"DIN6325|4m6x10|hardened_60HRC|ground_plain","定位圆柱销","DIN6325 Ø4m6×10（Norelem03320-04X10）","工具钢；淬硬磨削60±2HRC；本色","6","件","0","0","6","M01、M02","原型装配规格；未验证跳跃强度"
"DIN7991|M3x10|010.9|steel|black|headD6_k1.7","沉头内六角螺钉","DIN7991 M3×10；头≤Ø6×1.7，90°，内六角2","钢010.9；发黑","8","件","0","0","8","M01、M02","原型装配规格；未验证跳跃强度"
"DIN7991|M3x6|010.9|steel|black|headD6_k1.7","沉头内六角螺钉","DIN7991 M3×6；头≤Ø6×1.7，90°，内六角2","钢010.9；发黑","12","件","0","0","12","M01、M02","原型装配规格；未验证跳跃强度"
"DIN7991|M3x8|010.9|steel|black|headD6_k1.7","沉头内六角螺钉","DIN7991 M3x0.5 x 8","钢010.9；发黑","16","件","0","0","16","M03","按列明头径/强度等级采购"
"DIN7991|M4x12|010.9|steel|black|headD8_k2.3","沉头内六角螺钉","DIN7991 M4×12；头≤Ø8×2.3，90°，内六角2.5","钢010.9；发黑","8","件","0","0","8","M01、M02","原型装配规格；未验证跳跃强度"
"ISO4032|M1.6|8|steel|zinc|AF3.2_t1.3","六角螺母","ISO4032 M1.6；AF3.2×1.3","钢8；镀锌","4","件","0","0","4","M07","核对等级、头部包络及实物孔隙"
"ISO4032|M2.5|8|steel|zinc|AF5_t2","六角螺母","ISO4032 M2.5x0.45; AF5 x t2","钢8；镀锌","6","件","0","0","6","M04、M07","按列明头径/强度等级采购"
"ISO4032|M3|8|steel|zinc|AF5.5_t2.4","六角螺母","ISO4032 M3x0.5; AF5.5 x t2.4","钢8；镀锌","26","件","0","0","26","M04、M05、M06、M07","按列明头径/强度等级采购"
"ISO4032|M4|8|steel|zinc","六角螺母","ISO4032 M4；AF7×3.2","钢8级；镀锌","8","件","0","0","8","M03","原型装配规格；未验证跳跃强度"
"ISO4762|M1.6x10|8.8|steel|black","内六角圆柱头螺钉","ISO4762 M1.6×10","钢8.8；发黑","4","件","0","0","4","M07","核对等级、头部包络及实物孔隙"
"ISO4762|M2.5x12|8.8|steel|black|smooth_headD4.5","内六角圆柱头螺钉","ISO4762 M2.5×12","钢8.8；发黑","4","件","0","0","4","M07","核对等级、头部包络及实物孔隙"
"ISO4762|M2.5x16|8.8|steel|black|smooth_headD4.5","内六角圆柱头螺钉","ISO4762 M2.5x0.45 x 16","钢8.8；发黑","2","件","0","0","2","M04","按列明头径/强度等级采购"
"ISO4762|M3x10|8.8|steel|black","内六角圆柱头螺钉","ISO4762 M3x0.5 x 10","钢8.8；发黑","10","件","0","0","10","M04、M05、M06","按列明头径/强度等级采购"
"ISO4762|M3x12|8.8|steel|black","内六角圆柱头螺钉","ISO4762 M3x0.5 x 12","钢8.8；发黑","16","件","0","0","16","M05、M06、M07","按列明头径/强度等级采购"
"ISO4762|M3x16|8.8|steel|black","内六角圆柱头螺钉","ISO4762 M3×16","钢8.8；发黑","14","件","0","0","14","M01、M02、M06","原型装配规格；未验证跳跃强度"
"ISO4762|M3x20|8.8|steel|black","内六角圆柱头螺钉","ISO4762 M3x0.5 x 20","钢8.8；发黑","8","件","0","0","8","M05、M06","按列明头径/强度等级采购"
"ISO4762|M3x8|8.8|steel|black","内六角圆柱头螺钉","ISO4762 M3×8","钢8.8；发黑","46","件","0","0","46","M01、M02、M04、M05、M07","原型装配规格；未验证跳跃强度"
"ISO7089|M3_3.2x7x0.5|200HV|steel|zinc","普通平垫圈","ISO7089 M3; ID3.2 x OD7 x t0.5","钢200 HV；镀锌","4","件","0","0","4","M04","按列明头径/强度等级采购"
"ISO7089|M4|200HV|steel|zinc","普通平垫圈","ISO7089 M4；Ø4.3/Ø9×0.8","钢200HV；镀锌","8","件","0","0","8","M03","原型装配规格；未验证跳跃强度"
"NBK|SETS-M2-4|SUSXM7_A2|plain","超薄头内六角花形螺钉","NBK SETS-M2-4；头Ø4×0.5，TX4","SUSXM7；A2；原厂本色","30","件","0","0","30","M01、M02","原型装配规格；未验证跳跃强度"
"NBK|SLH-M3-6-SD|8.8|black_oxide","低头小头螺钉","NBK SLH-M3-6-SD；头Ø4.5×2，内六角2","SWCH45K；8.8；发黑","20","件","0","0","20","M01、M02","原型装配规格；未验证跳跃强度"
"NBK|SLH-M3-8-SD|8.8|black_oxide","低头小头螺钉","NBK SLH-M3-8-SD；头Ø4.5×2，内六角2","SWCH45K；8.8；发黑","8","件","0","0","8","M01、M02","原型装配规格；未验证跳跃强度"
"NSK|626ZZ1|standard_clearance|ZZ","深沟球轴承","NSK626ZZ1；6×19×6；金属防尘盖","原厂轴承钢","6","件","0","0","6","M01、M02","原型装配规格；未验证跳跃强度"
