"零件ID","装配模块","零件名称","完整规格","单机数量","单位","材料/等级","制造工艺","供应方式","状态","来源","备注","标准采购键"
"P01","M03","机架底板","174.0 × 144.0 × 11.0 mm 包络；详见STEP","1","件","6061-T6铝合金","CNC铣削/车铣","定制金属件","样机首件；按公差说明验收","manufacturing/metal/P01_chassis_belly_plate.step","承力或刚性定位件；6061-T6 CNC，螺纹/轴承座/薄耳需精加工；不可直接替换普通钣金或PETG。",""
"P02","M03","右承力侧框","172.0 × 32.0 × 94.0 mm 包络；详见STEP","1","件","6061-T6铝合金","CNC铣削/车铣","定制金属件","样机首件；按公差说明验收","manufacturing/metal/P02_chassis_hip_frame_right.step","承力或刚性定位件；6061-T6 CNC，螺纹/轴承座/薄耳需精加工；不可直接替换普通钣金或PETG。",""
"P03","M03","左承力侧框","172.0 × 32.0 × 94.0 mm 包络；详见STEP","1","件","6061-T6铝合金","CNC铣削/车铣","定制金属件","样机首件；按公差说明验收","manufacturing/metal/P03_chassis_hip_frame_left.step","承力或刚性定位件；6061-T6 CNC，螺纹/轴承座/薄耳需精加工；不可直接替换普通钣金或PETG。",""
"P04","M03","前后通用横框","8.0 × 144.0 × 94.0 mm 包络；详见STEP","2","件","6061-T6铝合金","CNC铣削/车铣","定制金属件","样机首件；按公差说明验收","manufacturing/metal/P04_chassis_front_crossframe.step","承力或刚性定位件；6061-T6 CNC，螺纹/轴承座/薄耳需精加工；不可直接替换普通钣金或PETG。同一制造型号加工2件，按装配方向翻转；等形证据见别名审查。",""
"P05","M06","前主壳","155.0 × 172.0 × 141.0 mm 包络；详见STEP","1","件","PETG","FDM 3D打印","3D打印件","样机首件；按公差说明验收","manufacturing/print/P05_chassis_front_shell.step","0.4喷嘴PETG；先打印孔/螺母槽试片，参见公差与装配说明。",""
"P06","M06","后检修壳","155.0 × 172.0 × 74.0 mm 包络；详见STEP","1","件","PETG","FDM 3D打印","3D打印件","样机首件；按公差说明验收","manufacturing/print/P06_chassis_rear_cover.step","0.4喷嘴PETG；先打印孔/螺母槽试片，参见公差与装配说明。",""
"P07","M05","屏幕相机前脸板","144.0 × 148.0 × 3.0 mm 包络；详见STEP","1","件","PETG","FDM 3D打印","3D打印件","样机首件；按公差说明验收","manufacturing/print/P07_display_front_bezel.step","0.4喷嘴PETG；先打印孔/螺母槽试片，参见公差与装配说明。5寸GK-HD屏，装机前核实四角接触金属外框。",""
"P08","M06","左右通用肩罩","106.989 × 38.5 × 51.8 mm 包络；详见STEP","2","件","PETG","FDM 3D打印","3D打印件","样机首件；按公差说明验收","manufacturing/print/P08_shoulder_fairing_right.step","0.4喷嘴PETG；先打印孔/螺母槽试片，参见公差与装配说明。同一制造型号加工2件，按装配方向翻转；等形证据见别名审查。",""
"P09","M04","电池托","153.993 × 54.0 × 14.4 mm 包络；详见STEP","1","件","PETG","FDM 3D打印","3D打印件","样机首件；按公差说明验收","manufacturing/print/P09_battery_tray.step","0.4喷嘴PETG；先打印孔/螺母槽试片，参见公差与装配说明。按WHEELTEC电池85.6×61.6×42、含磁底44.5设计；装拆及穿带见BATTERY.md。",""
"P10","M04","电器托盘","152.0 × 108.0 × 3.0 mm 包络；详见STEP","1","件","PETG","FDM 3D打印","3D打印件","样机首件；按公差说明验收","manufacturing/print/P10_electronics_tray.step","0.4喷嘴PETG；先打印孔/螺母槽试片，参见公差与装配说明。",""
"P11","M04","Jetson右夹座","125.5 × 22.2 × 9.4 mm 包络；详见STEP","1","件","PETG","FDM 3D打印","3D打印件","样机首件；按公差说明验收","manufacturing/print/P11_Jetson_base_retainer_right.step","0.4喷嘴PETG；先打印孔/螺母槽试片，参见公差与装配说明。",""
"P12","M04","Jetson左夹座","125.5 × 22.2 × 9.4 mm 包络；详见STEP","1","件","PETG","FDM 3D打印","3D打印件","样机首件；按公差说明验收","manufacturing/print/P12_Jetson_base_retainer_left.step","0.4喷嘴PETG；先打印孔/螺母槽试片，参见公差与装配说明。",""
"P13","M05","D435一体后座","24.0 × 108.0 × 28.05 mm 包络；详见STEP","1","件","PETG","FDM 3D打印","3D打印件","样机首件；按公差说明验收","manufacturing/print/P13_D435_embedded_bracket.step","0.4喷嘴PETG；先打印孔/螺母槽试片，参见公差与装配说明。默认25.05深相机；26.05深相机用alternates替代，二选一，仅计1件。",""
"P14","M04","IMU刚性安装桥","36.0 × 143.0 × 32.0 mm 包络；详见STEP","1","件","6061-T6铝合金","CNC铣削/车铣","定制金属件","样机首件；按公差说明验收","manufacturing/metal/P14_HI13R2_rigid_bridge.step","承力或刚性定位件；6061-T6 CNC，螺纹/轴承座/薄耳需精加工；不可直接替换普通钣金或PETG。",""
"P15","M05","屏幕右托夹","81.5 × 16.0 × 17.5 mm 包络；详见STEP","1","件","PETG","FDM 3D打印","3D打印件","样机首件；按公差说明验收","manufacturing/print/P15_display_case_cradle_right.step","0.4喷嘴PETG；先打印孔/螺母槽试片，参见公差与装配说明。",""
"P16","M05","屏幕左托夹","81.5 × 16.0 × 17.5 mm 包络；详见STEP","1","件","PETG","FDM 3D打印","3D打印件","样机首件；按公差说明验收","manufacturing/print/P16_display_case_cradle_left.step","0.4喷嘴PETG；先打印孔/螺母槽试片，参见公差与装配说明。",""
"P17","M01、M02","左右通用髋定子座","78.0 × 78.0 × 6.0 mm 包络；详见STEP","2","件","6061-T6铝合金","CNC铣削/车铣","定制金属件","样机首件；按公差说明验收","manufacturing/metal/P17_hip_stator_mount.step","承力或刚性定位件；6061-T6 CNC，螺纹/轴承座/薄耳需精加工；不可直接替换普通钣金或PETG。同一制造型号加工2件，按装配方向翻转；等形证据见别名审查。",""
"P18","M01、M02","左右通用髋转子法兰","42.957 × 43.0 × 10.3 mm 包络；详见STEP","2","件","6061-T6铝合金","CNC铣削/车铣","定制金属件","样机首件；按公差说明验收","manufacturing/metal/P18_hip_rotor_cnc.step","承力或刚性定位件；6061-T6 CNC，螺纹/轴承座/薄耳需精加工；不可直接替换普通钣金或PETG。同一制造型号加工2件，按装配方向翻转；等形证据见别名审查。",""
"P19","M02","右膝定子套杯","56.943 × 57.0 × 11.6 mm 包络；详见STEP","1","件","6061-T6铝合金","CNC铣削/车铣","定制金属件","样机首件；按公差说明验收","manufacturing/metal/P19_knee_stator_cnc.step","承力或刚性定位件；6061-T6 CNC，螺纹/轴承座/薄耳需精加工；不可直接替换普通钣金或PETG。",""
"P20","M01","左膝定子套杯","56.943 × 57.0 × 11.6 mm 包络；详见STEP","1","件","6061-T6铝合金","CNC铣削/车铣","定制金属件","样机首件；按公差说明验收","manufacturing/metal/P20_knee_stator_cnc_left.step","承力或刚性定位件；6061-T6 CNC，螺纹/轴承座/薄耳需精加工；不可直接替换普通钣金或PETG。",""
"P21","M02","右OB内框","57.0 × 173.984 × 7.5 mm 包络；详见STEP","1","件","6061-T6铝合金","CNC铣削/车铣","定制金属件","样机首件；按公差说明验收","manufacturing/metal/P21_OB_inner_carrier.step","承力或刚性定位件；6061-T6 CNC，螺纹/轴承座/薄耳需精加工；不可直接替换普通钣金或PETG。",""
"P22","M01","左OB内框","57.0 × 173.984 × 7.5 mm 包络；详见STEP","1","件","6061-T6铝合金","CNC铣削/车铣","定制金属件","样机首件；按公差说明验收","manufacturing/metal/P22_OB_inner_carrier_left.step","承力或刚性定位件；6061-T6 CNC，螺纹/轴承座/薄耳需精加工；不可直接替换普通钣金或PETG。",""
"P23","M02","右OB外包主臂","57.0 × 176.482 × 22.8 mm 包络；详见STEP","1","件","6061-T6铝合金","CNC铣削/车铣","定制金属件","样机首件；按公差说明验收","manufacturing/metal/P23_OB_outer_shell.step","承力或刚性定位件；6061-T6 CNC，螺纹/轴承座/薄耳需精加工；不可直接替换普通钣金或PETG。",""
"P24","M01","左OB外包主臂","57.0 × 176.482 × 22.8 mm 包络；详见STEP","1","件","6061-T6铝合金","CNC铣削/车铣","定制金属件","样机首件；按公差说明验收","manufacturing/metal/P24_OB_outer_shell_left.step","承力或刚性定位件；6061-T6 CNC，螺纹/轴承座/薄耳需精加工；不可直接替换普通钣金或PETG。",""
"P25","M01、M02","左右通用OA曲柄","43.996 × 79.987 × 22.8 mm 包络；详见STEP","2","件","6061-T6铝合金","CNC铣削/车铣","定制金属件","样机首件；按公差说明验收","manufacturing/metal/P25_OA_one_piece.step","承力或刚性定位件；6061-T6 CNC，螺纹/轴承座/薄耳需精加工；不可直接替换普通钣金或PETG。同一制造型号加工2件，按装配方向翻转；等形证据见别名审查。",""
"P26","M01、M02","左右通用AC轴承连杆","30.972 × 161.0 × 8.0 mm 包络；详见STEP","2","件","6061-T6铝合金","CNC铣削/车铣","定制金属件","样机首件；按公差说明验收","manufacturing/metal/P26_AC_bearing_link.step","承力或刚性定位件；6061-T6 CNC，螺纹/轴承座/薄耳需精加工；不可直接替换普通钣金或PETG。同一制造型号加工2件，按装配方向翻转；等形证据见别名审查。",""
"P27","M02","右CW下臂","44.0 × 184.978 × 15.0 mm 包络；详见STEP","1","件","6061-T6铝合金","CNC铣削/车铣","定制金属件","样机首件；按公差说明验收","manufacturing/metal/P27_CW_one_piece.step","承力或刚性定位件；6061-T6 CNC，螺纹/轴承座/薄耳需精加工；不可直接替换普通钣金或PETG。",""
"P28","M01","左CW下臂","44.0 × 184.978 × 15.0 mm 包络；详见STEP","1","件","6061-T6铝合金","CNC铣削/车铣","定制金属件","样机首件；按公差说明验收","manufacturing/metal/P28_CW_one_piece_left.step","承力或刚性定位件；6061-T6 CNC，螺纹/轴承座/薄耳需精加工；不可直接替换普通钣金或PETG。",""
"P29","M01、M02","通用轮辋","89.985 × 89.971 × 40.5 mm 包络；详见STEP","2","件","6061-T6铝合金","CNC铣削/车铣","定制金属件","样机首件；按公差说明验收","manufacturing/metal/P29_wheel_rim.step","承力或刚性定位件；6061-T6 CNC，螺纹/轴承座/薄耳需精加工；不可直接替换普通钣金或PETG。同一制造型号加工2件，按装配方向翻转；等形证据见别名审查。",""
"LC01","M01、M02","轴承外圈压盖","Ø28/Ø16.8×0.8；3-Ø2.2 PCD24","6","件","不锈钢板","精密薄板切割/整平","定制金属件","原型装配规格；未验证跳跃强度","manufacturing/metal/LC01_bearing_keeper_D28_D16_8_t0_8.step","激光/精密板切割后去毛刺整平；薄型结构不够放DIN472槽+保边，保留压盖。",""
"LC02","M01、M02","双端内螺纹关节轴销","Ø6×14.05；两端M2×0.4完整牙≥4.3；底孔深4.6","6","件","40Cr调质后精磨；具体硬度按试验定","CNC车削/精磨/二次加工","定制金属件","原型装配规格；未验证跳跃强度","manufacturing/metal/LC02_female_pin_D6_L14_05.step","六个A/B/C轴同一种；非标准肩螺栓。外形冻结，轴径按轴承实测选配；名义中心实心段4.85 mm。",""
"LC03","M01、M02","内侧一体带肩衬套","铜套Ø8/Ø6.05×2.5＋肩Ø8.4/Ø6.2×1.25；总长3.75","6","件","轴承青铜CuSn12","CNC车削/精磨/二次加工","定制金属件","原型装配规格；未验证跳跃强度","manufacturing/metal/LC03_flanged_bush_inner_D8_D8p4_L3p75.step","精密车削；Ø8段朝内叉耳，Ø8.4肩朝轴承。替代独立铜套+1.25隔圈；轻压装，不用窄肩传递轴承预载。",""
"LC04","M01、M02","外侧一体带肩衬套","肩Ø8.4/Ø6.2×1.70＋铜套Ø8/Ø6.05×2.5；总长4.20","6","件","轴承青铜CuSn12","CNC车削/精磨/二次加工","定制金属件","原型装配规格；未验证跳跃强度","manufacturing/metal/LC04_flanged_bush_outer_D8_D8p4_L4p20.step","精密车削；Ø8段朝外叉耳，Ø8.4肩朝轴承。名义游隙0.05留在肩与轴承内圈之间，避免压盖/轴销锁死轴承。",""
"LC05","M01、M02","轴销薄防脱挡片","Ø9/Ø2.2×0.20","12","件","钢精密垫片料","精密薄板切割/整平","定制金属件","原型装配规格；未验证跳跃强度","manufacturing/metal/LC05_axis_washer_D9_d2_2_t0_2.step","定制功能挡片，不是标准采购垫片。单一规格12件，避免用大/小标准垫片叠层增加散件。",""
"LC06","M01、M02","OA装配限位肩销","M3×3；Ø4肩长4.2；Ø7×1头，0.8槽","2","件","钢；强度待验证","CNC车削/精磨/二次加工","定制金属件","原型装配规格；未验证跳跃强度","manufacturing/metal/LC06_OA_angular_stop_M3_D4.step","只做装配角限位；禁止把它当作带电撞停或落地限位件。",""
"LH01","M01、M02、M04、M05","内六角圆柱头螺钉","ISO4762 M3×8","44","件","钢8.8；发黑","采购","标准件","原型装配规格；未验证跳跃强度","https://www.norelem.es/medias/07160-ST-Datasheet-32102-Socket-head-screws-DIN-EN-ISO-4762-enhanced-steel-en.pdf?context=bWFzdGVyfHJvb3R8Mjc4MTEzfGFwcGxpY2F0aW9uL3BkZnxhREEyTDJobE5TODVORGt5TmpreE9ERXlNemd5THpBM01UWXdYMU5VWDBSaGRHRnphR1ZsZEY4ek1qRXdNbDlUYjJOclpYUmZhR1ZoWkY5elkzSmxkM05mUkVsT1gwVk9YMGxUVDE4ME56WXlYMlZ1YUdGdVkyVmtYM04wWldWc0xTMWxiaTV3WkdZfGM1Y2MxMzYwMDFiYzUzMDY3ZDQ4NTAxMWJhZmE0NTlmZWI2NjQ4OTY3NGI0MGRjZWY2NjU5MTZjMzJmODI1OTI","通用长度；用于髋转子法兰、轮电机定子和轮辋。轮辋12枚为V8.1补齐。 机身用法见BODY_ASSEMBLY.md。","ISO4762|M3x8|8.8|steel|black"
"LH02","M01、M02","内六角圆柱头螺钉","ISO4762 M3×16","12","件","钢8.8；发黑","采购","标准件","原型装配规格；未验证跳跃强度","https://www.norelem.es/medias/07160-ST-Datasheet-32102-Socket-head-screws-DIN-EN-ISO-4762-enhanced-steel-en.pdf?context=bWFzdGVyfHJvb3R8Mjc4MTEzfGFwcGxpY2F0aW9uL3BkZnxhREEyTDJobE5TODVORGt5TmpreE9ERXlNemd5THpBM01UWXdYMU5VWDBSaGRHRnphR1ZsZEY4ek1qRXdNbDlUYjJOclpYUmZhR1ZoWkY5elkzSmxkM05mUkVsT1gwVk9YMGxUVDE4ME56WXlYMlZ1YUdGdVkyVmtYM04wWldWc0xTMWxiaTV3WkdZfGM1Y2MxMzYwMDFiYzUzMDY3ZDQ4NTAxMWJhZmE0NTlmZWI2NjQ4OTY3NGI0MGRjZWY2NjU5MTZjMzJmODI1OTI","OA到膝转子；夹持12、啮合4 mm，不可用M3×8代替。","ISO4762|M3x16|8.8|steel|black"
"LH03","M01、M02","低头小头螺钉","NBK SLH-M3-6-SD；头Ø4.5×2，内六角2","20","件","SWCH45K；8.8；发黑","采购","厂家目录件","原型装配规格；未验证跳跃强度","https://www.nbk1560.com/images/en-US/product/lowsmallheadscrew/SLH-SD/SLH-SD_1.pdf","膝后定子4/侧及OB前定子6/侧；保留小头以避让紧凑孔壁，非普通ISO4762。","NBK|SLH-M3-6-SD|8.8|black_oxide"
"LH04","M01、M02","低头小头螺钉","NBK SLH-M3-8-SD；头Ø4.5×2，内六角2","8","件","SWCH45K；8.8；发黑","采购","厂家目录件","原型装配规格；未验证跳跃强度","https://www.nbk1560.com/images/en-US/product/lowsmallheadscrew/SLH-SD/SLH-SD_1.pdf","两法兰侧向锁紧。厂家1.4 N·m是螺钉上限，不是该铝接头装配扭矩。","NBK|SLH-M3-8-SD|8.8|black_oxide"
"LH05","M01、M02","超薄头内六角花形螺钉","NBK SETS-M2-4；头Ø4×0.5，TX4","30","件","SUSXM7；A2；原厂本色","采购","厂家目录件","原型装配规格；未验证跳跃强度","https://www.nbk1560.com/en-US/products/specialscrew/nedzicom/spacesaving/SETS/","轴承压盖18枚+轴销两端防脱12枚。原厂最大0.15 N·m不可直接当成铝压盖或薄挡片的最终扭矩。","NBK|SETS-M2-4|SUSXM7_A2|plain"
"LH06","M01、M02","沉头内六角螺钉","DIN7991 M3×10；头≤Ø6×1.7，90°，内六角2","8","件","钢010.9；发黑","采购","标准件","原型装配规格；未验证跳跃强度","https://www.bossard.com/us-en/eshop/screws-and-bolts-with-internal-drive/hex-socket-flat-countersunk-head-screws-fully-threaded/p/20/","OB内框到外壳；DIN已撤销但仍有目录件。不得不检查就换ISO10642大头。","DIN7991|M3x10|010.9|steel|black|headD6_k1.7"
"LH07","M01、M02","沉头内六角螺钉","DIN7991 M3×6；头≤Ø6×1.7，90°，内六角2","12","件","钢010.9；发黑","采购","标准件","原型装配规格；未验证跳跃强度","https://www.bossard.com/us-en/eshop/screws-and-bolts-with-internal-drive/hex-socket-flat-countersunk-head-screws-fully-threaded/p/20/","髋电机定子到髋座；深5的电机孔中名义啮合3。","DIN7991|M3x6|010.9|steel|black|headD6_k1.7"
"LH08","M01、M02","沉头内六角螺钉","DIN7991 M4×12；头≤Ø8×2.3，90°，内六角2.5","8","件","钢010.9；发黑","采购","标准件","原型装配规格；未验证跳跃强度","https://www.bossard.com/us-en/eshop/screws-and-bolts-with-internal-drive/hex-socket-flat-countersunk-head-screws-fully-threaded/p/20/","腿模块到机身侧框；每侧4枚，整机总装时使用，机身BOM不要重复。","DIN7991|M4x12|010.9|steel|black|headD8_k2.3"
"LH09","M03","普通平垫圈","ISO7089 M4；Ø4.3/Ø9×0.8","8","件","钢200HV；镀锌","采购","标准件","原型装配规格；未验证跳跃强度","https://www.obo.de/de-de/produkte/unterlegscheibe-9-4-3-0-8-m4-3402045.html","外形来源为厂家DIN125A表；采购选200HV等级，不能拿未标硬度或软塑料垫圈替换。每个M4接口一片。","ISO7089|M4|200HV|steel|zinc"
"LH10","M03","六角螺母","ISO4032 M4；AF7×3.2","8","件","钢8级；镀锌","采购","标准件","原型装配规格；未验证跳跃强度","https://www.norelem.com/doc/hu/hu/did.294335/Normenuebersicht-der-Verbindungselemente-NLM_HU.pdf","髋座总装用；与M4沉头螺钉配对，现场防松工艺确认后做扭矩标记。","ISO4032|M4|8|steel|zinc"
"LH11","M01、M02","定位圆柱销","DIN6325 Ø4m6×10（Norelem03320-04X10）","6","件","工具钢；淬硬磨削60±2HRC；本色","采购","标准件","原型装配规格；未验证跳跃强度","https://www.norelem.mx/doc/mx/es/did.97191/03320_Datasheet_2785_Pasadores_cil_ndricos_DIN_6325--es.pdf","3/髋法兰；取代旧定制9mm。只控制装入法兰7.00±0.05；外露名义3、随实际长度变化（详公差文档），三销按实物检具确认，禁止螺钉强拉。","DIN6325|4m6x10|hardened_60HRC|ground_plain"
"LH12","M01、M02","深沟球轴承","NSK626ZZ1；6×19×6；金属防尘盖","6","件","原厂轴承钢","采购","厂家目录件","原型装配规格；未验证跳跃强度","https://www.nsk.com/jp-ja/engineering/products/bearings/ball-bearings/deep-groove-ball-bearings/extra-small-ball-bearings-and-miniature-ball-bearings-metric-series/626zz1-esm-md.html","A、B、C各1/腿，普通游隙版本；不得仅按626尺寸采购C3/MC3等异游隙版本。额定载荷不等于整机跳跃能力。","NSK|626ZZ1|standard_clearance|ZZ"
"BH01","M03","沉头内六角螺钉","DIN7991 M3x0.5 x 8","16","件","钢010.9；发黑","采购","标准件","按列明头径/强度等级采购","BODY_ASSEMBLY.md；body_hardware_bom.json","Select actual head diameter 6 mm / height 1.7 mm / 90-degree head. Do NOT substitute unrestricted ISO10642; its M3 head can reach 6.72 mm. Body clearance countersink D6.4. Modeled free grip and head, engaged threads omitted.","DIN7991|M3x8|010.9|steel|black|headD6_k1.7"
"BH03","M04、M05","内六角圆柱头螺钉","ISO4762 M3x0.5 x 10","8","件","钢8.8；发黑","采购","标准件","按列明头径/强度等级采购","BODY_ASSEMBLY.md；body_hardware_bom.json","","ISO4762|M3x10|8.8|steel|black"
"BH04","M05、M06","内六角圆柱头螺钉","ISO4762 M3x0.5 x 12","12","件","钢8.8；发黑","采购","标准件","按列明头径/强度等级采购","BODY_ASSEMBLY.md；body_hardware_bom.json","","ISO4762|M3x12|8.8|steel|black"
"BH05","M05、M06","内六角圆柱头螺钉","ISO4762 M3x0.5 x 20","8","件","钢8.8；发黑","采购","标准件","按列明头径/强度等级采购","BODY_ASSEMBLY.md；body_hardware_bom.json","","ISO4762|M3x20|8.8|steel|black"
"BH06","M04","内六角圆柱头螺钉","ISO4762 M2.5x0.45 x 16","2","件","钢8.8；发黑","采购","标准件","按列明头径/强度等级采购","BODY_ASSEMBLY.md；body_hardware_bom.json","Select smooth head diameter <=4.5 mm, height<=2.5 mm, AF2. Manufacturer relief radius2.3 mm; unrestricted knurled/oversize head is not accepted.","ISO4762|M2.5x16|8.8|steel|black|smooth_headD4.5"
"BH07","M04、M05、M06","六角螺母","ISO4032 M3x0.5; AF5.5 x t2.4","16","件","钢8；镀锌","采购","标准件","按列明头径/强度等级采购","BODY_ASSEMBLY.md；body_hardware_bom.json","Nominal CAD matches AF5.5/max thickness2.4; supplier dimensional range AF5.32..5.5, height2.15..2.4. Printed nut pockets AF5.8 are process starting dimensions, not guaranteed press fits.","ISO4032|M3|8|steel|zinc|AF5.5_t2.4"
"BH08","M04","六角螺母","ISO4032 M2.5x0.45; AF5 x t2","2","件","钢8；镀锌","采购","标准件","按列明头径/强度等级采购","BODY_ASSEMBLY.md；body_hardware_bom.json","Use regular-height metal nut; maximum height2 mm and AF5. Do not replace with tall nyloc nut without clearance check.","ISO4032|M2.5|8|steel|zinc|AF5_t2"
"BH09","M04","普通平垫圈","ISO7089 M3; ID3.2 x OD7 x t0.5","4","件","钢200 HV；镀锌","采购","标准件","按列明头径/强度等级采购","BODY_ASSEMBLY.md；body_hardware_bom.json","These four spreading washers are intentional; not improvised grip-length correction. Incoming ID3.2..3.38/OD6.64..7/t0.45..0.55 mm.","ISO7089|M3_3.2x7x0.5|200HV|steel|zinc"
"E01","M01、M02","J4310关节电机","DM-J4310-2EC，24V，V1.1驱动","4","件","原厂总成","整件采购","外购设备","按指定版本采购并测量","source/hardware/j4310_drawing.txt","电机内部零件与紧固件不拆计。",""
"E02","M01、M02","轮毂电机","DM-H6215","2","件","原厂总成","整件采购","外购设备","按指定版本采购并测量","source/hardware/h6215_drawing.txt","轮辋紧固螺钉已计入LH01。",""
"E03","M04","开发套件","Jetson Orin Nano官方开发套件","1","件","原厂总成","整件采购","外购设备","按指定版本采购并测量","payload_interfaces.json","含原厂底座/散热器；按实际版本核对接口。",""
"E04","M05","深度相机","RealSense D435","1","件","原厂总成","整件采购","外购设备","按指定版本采购并测量","payload_interfaces.json","一个设备，两种CAD表达；后座深度按实物25.05/26.05二选一。",""
"E05","M04","惯性测量单元","超核HI13R2 USB版","1","件","原厂总成","整件采购","外购设备","按指定版本采购并测量","https://www.hipnuc.com/hi13.html","俯视名义原点在机体中心；安装后标定轴向。",""
"E06","M05","5寸显示器","GK-HD V3，122×78×14.5 mm","1","件","原厂总成","整件采购","外购设备","按指定版本采购并测量","source/display/显示器规格书.pdf，第2页","采用外壳托夹；供应商未给5寸安装孔。200g为质量估计。",""
"E07","M04","E626S电池包及磁吸底座","用户确认24V等级E626S；本体85.6×61.6×42 mm，含磁底44.5 mm","1","件","原厂封装电池/磁吸底座","整件采购","外购设备","型号用户已确认；含底质量/插头待测","source/battery/WHEELTEC_battery_user_drawing.png；source/battery/WHEELTEC_24V_manual.pdf","用户确认选E626S；官方337g/22.2V/2550mAh/6A持续/13A瞬时。337g是否含底座未明，安装仍按400g预算。DC5.5-2.1充放共口，插头及脉冲时长需复核。",""
"E08","M01、M02","弹性轮胎","外径100/内径86/宽32 mm","2","件","橡胶/弹性体待选","整件采购","外购设备","规格待选定","design_parameters.json","按轮辋匹配；硬度、摩擦、固定方式和跳跃耐久需样件确认。",""
"C01","M05","屏幕后软垫","4×8×0.5 mm，4块","4","件","薄弹性自粘片","采购/裁切","外购耗材","装机实配","body_hardware_bom.json","0.5为最终压缩厚度目标；仅支撑金属外框，不挤压屏幕玻璃。",""
"C02","M04","电池束带","10×300 mm；底部单层厚≤1.0 mm","2","件","绝缘魔术贴束带","采购/裁切","外购耗材","装机实配","body_hardware_bom.json","机外穿带固定；保守绕行231mm加顶部搭接≥50mm；扣头/搭接避DC口并核实真实厚度。",""
"T01","整机","电源转换与配电","待电气方案与实物确认","待定","待定","待定","选型/采购","待选型附件","未选型，不计入已定数量","本次设计待定项","需按Jetson/屏幕/相机实际供电确定DC-DC、配电板与安装空间。",""
"T02","整机","保险丝、开关与急停","待电气方案与实物确认","待定","待定","待定","选型/采购","待选型附件","未选型，不计入已定数量","本次设计待定项","按电池最大电流、导线及驱动器电压电流规格选择。",""
"T03","整机","线束、插头与绝缘护线件","待电气方案与实物确认","待定","待定","待定","选型/采购","待选型附件","未选型，不计入已定数量","本次设计待定项","CAN/USB/HDMI/电源线长度、弯曲半径、腿线活动余量及电池绝缘垫材需实物布线确认。",""
"T04","整机","螺纹防松与标记耗材","待电气方案与实物确认","待定","待定","待定","选型/采购","待选型附件","未选型，不计入已定数量","本次设计待定项","选与铝、钢及邻近塑料兼容的可拆防松工艺；扭矩经样件验证。",""
