"零件ID","装配模块","零件名称","数量","材料/等级","制造工艺","供应方式","关键加工或装配要求","状态"
"P01","M03","机架底板","1","6061-T6铝合金","CNC铣削/车铣","定制金属件","承力或刚性定位件；6061-T6 CNC，螺纹/轴承座/薄耳需精加工；不可直接替换普通钣金或PETG。","样机首件；按公差说明验收"
"P02","M03","右承力侧框","1","6061-T6铝合金","CNC铣削/车铣","定制金属件","承力或刚性定位件；6061-T6 CNC，螺纹/轴承座/薄耳需精加工；不可直接替换普通钣金或PETG。","样机首件；按公差说明验收"
"P03","M03","左承力侧框","1","6061-T6铝合金","CNC铣削/车铣","定制金属件","承力或刚性定位件；6061-T6 CNC，螺纹/轴承座/薄耳需精加工；不可直接替换普通钣金或PETG。","样机首件；按公差说明验收"
"P04","M03","前后通用横框","2","6061-T6铝合金","CNC铣削/车铣","定制金属件","承力或刚性定位件；6061-T6 CNC，螺纹/轴承座/薄耳需精加工；不可直接替换普通钣金或PETG。同一制造型号加工2件，按装配方向翻转；等形证据见别名审查。","样机首件；按公差说明验收"
"P05","M06","前主壳","1","PETG","FDM 3D打印","3D打印件","0.4喷嘴PETG；先打印孔/螺母槽试片，参见公差与装配说明。","样机首件；按公差说明验收"
"P06","M06","后检修壳","1","PETG","FDM 3D打印","3D打印件","0.4喷嘴PETG；先打印孔/螺母槽试片，参见公差与装配说明。","样机首件；按公差说明验收"
"P07","M05","屏幕相机前脸板","1","PETG","FDM 3D打印","3D打印件","0.4喷嘴PETG；先打印孔/螺母槽试片，参见公差与装配说明。5寸GK-HD屏，装机前核实四角接触金属外框。","样机首件；按公差说明验收"
"P08","M06","左右通用肩罩","2","PETG","FDM 3D打印","3D打印件","0.4喷嘴PETG；先打印孔/螺母槽试片，参见公差与装配说明。同一制造型号加工2件，按装配方向翻转；等形证据见别名审查。","样机首件；按公差说明验收"
"P09","M04","电池托","1","PETG","FDM 3D打印","3D打印件","0.4喷嘴PETG；先打印孔/螺母槽试片，参见公差与装配说明。按WHEELTEC电池85.6×61.6×42、含磁底44.5设计；装拆及穿带见BATTERY.md。","样机首件；按公差说明验收"
"P10","M04","电器托盘","1","PETG","FDM 3D打印","3D打印件","0.4喷嘴PETG；先打印孔/螺母槽试片，参见公差与装配说明。","样机首件；按公差说明验收"
"P11","M04","Jetson右夹座","1","PETG","FDM 3D打印","3D打印件","0.4喷嘴PETG；先打印孔/螺母槽试片，参见公差与装配说明。","样机首件；按公差说明验收"
"P12","M04","Jetson左夹座","1","PETG","FDM 3D打印","3D打印件","0.4喷嘴PETG；先打印孔/螺母槽试片，参见公差与装配说明。","样机首件；按公差说明验收"
"P13","M05","D435一体后座","1","PETG","FDM 3D打印","3D打印件","0.4喷嘴PETG；先打印孔/螺母槽试片，参见公差与装配说明。默认25.05深相机；26.05深相机用alternates替代，二选一，仅计1件。","样机首件；按公差说明验收"
"P14","M04","IMU刚性安装桥","1","6061-T6铝合金","CNC铣削/车铣","定制金属件","承力或刚性定位件；6061-T6 CNC，螺纹/轴承座/薄耳需精加工；不可直接替换普通钣金或PETG。","样机首件；按公差说明验收"
"P15","M05","屏幕右托夹","1","PETG","FDM 3D打印","3D打印件","0.4喷嘴PETG；先打印孔/螺母槽试片，参见公差与装配说明。","样机首件；按公差说明验收"
"P16","M05","屏幕左托夹","1","PETG","FDM 3D打印","3D打印件","0.4喷嘴PETG；先打印孔/螺母槽试片，参见公差与装配说明。","样机首件；按公差说明验收"
"P17","M01、M02","左右通用髋定子座","2","6061-T6铝合金","CNC铣削/车铣","定制金属件","承力或刚性定位件；6061-T6 CNC，螺纹/轴承座/薄耳需精加工；不可直接替换普通钣金或PETG。同一制造型号加工2件，按装配方向翻转；等形证据见别名审查。","样机首件；按公差说明验收"
"P18","M01、M02","左右通用髋转子法兰","2","6061-T6铝合金","CNC铣削/车铣","定制金属件","承力或刚性定位件；6061-T6 CNC，螺纹/轴承座/薄耳需精加工；不可直接替换普通钣金或PETG。同一制造型号加工2件，按装配方向翻转；等形证据见别名审查。","样机首件；按公差说明验收"
"P19","M02","右膝定子套杯","1","6061-T6铝合金","CNC铣削/车铣","定制金属件","承力或刚性定位件；6061-T6 CNC，螺纹/轴承座/薄耳需精加工；不可直接替换普通钣金或PETG。","样机首件；按公差说明验收"
"P20","M01","左膝定子套杯","1","6061-T6铝合金","CNC铣削/车铣","定制金属件","承力或刚性定位件；6061-T6 CNC，螺纹/轴承座/薄耳需精加工；不可直接替换普通钣金或PETG。","样机首件；按公差说明验收"
"P21","M02","右OB内框","1","6061-T6铝合金","CNC铣削/车铣","定制金属件","承力或刚性定位件；6061-T6 CNC，螺纹/轴承座/薄耳需精加工；不可直接替换普通钣金或PETG。","样机首件；按公差说明验收"
"P22","M01","左OB内框","1","6061-T6铝合金","CNC铣削/车铣","定制金属件","承力或刚性定位件；6061-T6 CNC，螺纹/轴承座/薄耳需精加工；不可直接替换普通钣金或PETG。","样机首件；按公差说明验收"
"P23","M02","右OB外包主臂","1","6061-T6铝合金","CNC铣削/车铣","定制金属件","承力或刚性定位件；6061-T6 CNC，螺纹/轴承座/薄耳需精加工；不可直接替换普通钣金或PETG。","样机首件；按公差说明验收"
"P24","M01","左OB外包主臂","1","6061-T6铝合金","CNC铣削/车铣","定制金属件","承力或刚性定位件；6061-T6 CNC，螺纹/轴承座/薄耳需精加工；不可直接替换普通钣金或PETG。","样机首件；按公差说明验收"
"P25","M01、M02","左右通用OA曲柄","2","6061-T6铝合金","CNC铣削/车铣","定制金属件","承力或刚性定位件；6061-T6 CNC，螺纹/轴承座/薄耳需精加工；不可直接替换普通钣金或PETG。同一制造型号加工2件，按装配方向翻转；等形证据见别名审查。","样机首件；按公差说明验收"
"P26","M01、M02","左右通用AC轴承连杆","2","6061-T6铝合金","CNC铣削/车铣","定制金属件","承力或刚性定位件；6061-T6 CNC，螺纹/轴承座/薄耳需精加工；不可直接替换普通钣金或PETG。同一制造型号加工2件，按装配方向翻转；等形证据见别名审查。","样机首件；按公差说明验收"
"P27","M02","右CW下臂","1","6061-T6铝合金","CNC铣削/车铣","定制金属件","承力或刚性定位件；6061-T6 CNC，螺纹/轴承座/薄耳需精加工；不可直接替换普通钣金或PETG。","样机首件；按公差说明验收"
"P28","M01","左CW下臂","1","6061-T6铝合金","CNC铣削/车铣","定制金属件","承力或刚性定位件；6061-T6 CNC，螺纹/轴承座/薄耳需精加工；不可直接替换普通钣金或PETG。","样机首件；按公差说明验收"
"P29","M01、M02","通用轮辋","2","6061-T6铝合金","CNC铣削/车铣","定制金属件","承力或刚性定位件；6061-T6 CNC，螺纹/轴承座/薄耳需精加工；不可直接替换普通钣金或PETG。同一制造型号加工2件，按装配方向翻转；等形证据见别名审查。","样机首件；按公差说明验收"
"LC01","M01、M02","轴承外圈压盖","6","不锈钢板","精密薄板切割/整平","定制金属件","激光/精密板切割后去毛刺整平；薄型结构不够放DIN472槽+保边，保留压盖。","原型装配规格；未验证跳跃强度"
"LC02","M01、M02","双端内螺纹关节轴销","6","40Cr调质后精磨；具体硬度按试验定","CNC车削/精磨/二次加工","定制金属件","六个A/B/C轴同一种；非标准肩螺栓。外形冻结，轴径按轴承实测选配；名义中心实心段4.85 mm。","原型装配规格；未验证跳跃强度"
"LC03","M01、M02","内侧一体带肩衬套","6","轴承青铜CuSn12","CNC车削/精磨/二次加工","定制金属件","精密车削；Ø8段朝内叉耳，Ø8.4肩朝轴承。替代独立铜套+1.25隔圈；轻压装，不用窄肩传递轴承预载。","原型装配规格；未验证跳跃强度"
"LC04","M01、M02","外侧一体带肩衬套","6","轴承青铜CuSn12","CNC车削/精磨/二次加工","定制金属件","精密车削；Ø8段朝外叉耳，Ø8.4肩朝轴承。名义游隙0.05留在肩与轴承内圈之间，避免压盖/轴销锁死轴承。","原型装配规格；未验证跳跃强度"
"LC05","M01、M02","轴销薄防脱挡片","12","钢精密垫片料","精密薄板切割/整平","定制金属件","定制功能挡片，不是标准采购垫片。单一规格12件，避免用大/小标准垫片叠层增加散件。","原型装配规格；未验证跳跃强度"
"LC06","M01、M02","OA装配限位肩销","2","钢；强度待验证","CNC车削/精磨/二次加工","定制金属件","只做装配角限位；禁止把它当作带电撞停或落地限位件。","原型装配规格；未验证跳跃强度"
