part,process,quantity,print_X_mm,print_Y_mm,print_Z_mm,solid_mass_g_each
chassis_lower_shell,PETG,1,200.0,150.0,96.0,442.9
chassis_lid,PETG,1,200.0,150.0,7.0,156.5
battery_tray,PETG,1,153.993,58.0,10.4,33.9
electronics_tray,PETG,1,188.0,46.0,3.0,30.8
hip_stator_mount,PETG,2,78.0,78.0,8.0,35.5
hip_rotor_cnc,CNC,2,79.941,80.0,15.8,107.0
knee_stator_cnc,CNC,2,79.941,80.0,6.0,79.0
OB_inner_full,PETG,1,79.993,186.953,8.0,69.7
OB_inner_full_left,PETG,1,79.993,186.953,8.0,69.7
OB_outer_full,PETG,1,79.993,186.953,8.0,66.4
OB_outer_full_left,PETG,1,79.993,186.953,8.0,66.4
OA_inner_hub,PETG,2,43.996,69.987,34.8,54.4
OA_outer_cheek,PETG,2,43.996,69.987,8.0,19.3
AC_bearing_link,PETG,2,31.995,161.969,14.0,42.5
CW_main_inner,PETG,1,48.0,201.963,24.0,104.8
CW_main_inner_left,PETG,1,48.0,201.963,24.0,104.8
CW_outer_fork,PETG,1,32.035,84.986,8.0,19.9
CW_outer_fork_left,PETG,1,32.035,84.986,8.0,19.9
wheel_rim,PETG,2,89.985,89.971,40.5,126.2
bearing_fit_coupon,PETG,1,100.0,30.0,6.0,14.1
bushing_fit_coupon,PETG,1,64.0,22.0,6.0,9.2
